HostName,CountryCount,IpAddressCount,LoginSuccessPercentage,IsAttacked
Vincent,43,1729,36,1
Alan,36,2192,41,1
Carlos,68,6725,20,0
Myles,98,9693,60,0
Baxter,7,5195,57,1
Henry,14,8555,80,1
Thomas,15,6524,94,0
Cullen,81,5042,73,1
Coby,87,7716,37,1
Reed,39,3907,45,0
Myles,76,2695,22,1
Quamar,22,9027,34,0
Kamal,58,9098,34,1
Nissim,80,2707,73,0
Hoyt,61,3410,92,1
Dieter,16,4002,89,0
Marsden,54,9416,0,0
Theodore,46,9077,33,0
Otto,5,3915,45,1
Perry,55,5599,59,0
Grady,46,3317,67,0
Warren,40,8464,14,0
Jared,31,2526,46,1
Barclay,91,7217,14,0
Micah,5,3345,34,1
Scott,57,1718,39,1
Edward,5,6657,69,1
Tanner,29,1065,69,0
Melvin,83,7719,16,1
Brock,80,7320,29,1
Hop,49,9019,87,0
Declan,56,9374,37,0
Jerry,11,8048,36,1
Marshall,41,7050,87,0
Cody,16,8069,29,0
Daniel,47,8858,13,1
Murphy,94,2567,81,1
Quamar,28,7733,86,1
Bruno,71,8917,61,0
Chaim,45,6210,35,0
Prescott,15,8515,37,1
Emery,98,8677,66,0
Gil,36,5589,64,0
Hall,100,8958,69,1
Craig,12,2525,14,1
Giacomo,66,7721,41,1
Abel,66,4530,31,0
Chandler,36,5088,16,0
Lionel,84,7941,13,0
Lee,8,6635,20,0
Graham,48,8646,93,1
Tyler,65,3195,4,0
Talon,83,5441,93,1
Cooper,60,1101,43,1
Mohammad,33,1479,22,1
Noble,32,3595,46,0
Malik,95,7341,89,1
Rogan,8,2532,39,0
Merrill,94,6434,93,1
Barclay,6,4055,68,0
Richard,6,5029,35,0
Yardley,6,4432,96,1
Dennis,36,2683,30,0
Gareth,95,9364,28,1
August,69,4399,70,1
Gil,50,5363,90,0
Austin,11,3261,8,0
Theodore,14,3189,10,1
Wyatt,19,7412,95,1
Jelani,52,8409,63,1
Alden,72,6895,39,1
Kenneth,37,3982,63,0
Ashton,40,6430,24,1
Fletcher,86,6932,1,0
Andrew,31,5594,88,0
Merritt,51,2092,44,1
Griffith,45,6573,4,1
Quamar,67,7628,78,0
Herman,41,9302,11,1
Erich,68,8873,66,1
Brenden,84,7904,11,1
Cyrus,21,8352,59,1
Rigel,66,7657,95,0
Benedict,27,2501,16,1
Nicholas,20,5070,69,1
Nehru,29,6578,7,0
Brett,78,1987,13,0
Timothy,34,4192,83,0
Abraham,37,3152,54,0
Jerry,30,6316,16,0
Lawrence,16,9235,44,1
Amos,72,8959,34,1
Chandler,96,7169,100,1
Lester,85,4748,80,0
Berk,79,6488,90,1
Jackson,53,4006,47,1
Wylie,94,4195,7,1
Denton,10,8517,93,0
Wayne,33,1472,58,0
Victor,55,4374,57,0
TaShya,66,5084,3,1
Britanney,28,4538,2,1
Kylie,31,5453,62,0
Libby,44,4217,70,0
Iliana,53,5389,18,0
Olga,90,2706,69,0
Natalie,21,5137,71,1
Riley,78,9143,33,1
Zenaida,84,4323,92,0
Chloe,100,9362,23,1
Carly,74,4221,37,1
Meredith,29,6451,43,0
Casey,62,4561,99,0
Jaquelyn,12,4487,43,1
Hannah,85,3312,87,1
Holly,6,3134,68,1
Isabella,54,4040,69,0
Libby,31,7197,70,0
Audrey,69,6202,49,1
Lucy,37,2351,9,1
Melissa,87,7461,88,1
Lacey,16,6046,93,1
Aimee,50,3462,29,1
Tamekah,70,6617,82,0
Quintessa,51,2911,71,0
Yvette,74,6232,79,1
Xena,9,4535,7,1
Elizabeth,23,7709,84,1
Martina,73,7565,24,0
Kim,89,9120,46,0
Hannah,35,6098,1,0
TaShya,90,1024,77,1
Ima,35,6540,77,1
Orla,6,7992,83,0
Guinevere,74,7751,74,1
Linda,28,8038,33,0
Scarlett,42,2402,72,0
Vanna,13,8590,57,0
Indira,64,2795,80,0
Anika,84,8645,63,1
Regina,54,9759,25,0
Maia,62,7583,26,0
Maile,13,1860,66,1
Deanna,52,5649,99,1
Erica,82,3987,9,0
Freya,71,3471,3,0
Caryn,32,8319,14,1
Bell,11,2758,5,1
Jana,35,3687,68,1
Irene,33,4186,25,0
Quyn,55,7045,46,1
Janna,67,9371,71,0
Carolyn,58,8896,16,1
Meredith,73,8083,68,0
Neve,7,8869,60,0
Kai,30,3031,68,1
Jael,28,4225,38,0
Rebekah,28,4958,18,1
Kirsten,20,5350,38,1
Georgia,13,8657,1,0
Rowan,36,2798,10,1
Aileen,55,5929,55,0
Wynne,97,6013,41,1
Idona,73,3438,69,0
Dahlia,98,2053,57,1
Maya,5,5264,67,1
Shelly,73,1206,63,0
Zena,10,4225,16,1
Dorothy,14,3734,46,0
Mercedes,63,3517,6,1
Lisandra,12,3005,38,0
Marcia,79,5472,89,0
Fiona,63,6099,5,1
Alfreda,97,8682,5,0
Amaya,29,6403,81,0
Danielle,66,2480,19,0
Justine,75,6570,85,1
Rhea,5,5259,3,0
Pascale,85,3317,71,1
Lila,63,7896,7,1
Dakota,69,5422,98,1
Brooke,31,5712,62,0
Taylor,89,9391,98,1
Quin,66,7018,5,0
Patience,5,3228,46,0
Minerva,63,7000,81,0
Sydnee,34,8446,7,1
Justina,29,8370,52,1
Virginia,87,5947,86,1
Whoopi,57,7125,52,0
Kristen,12,3845,11,0
Heather,47,6144,56,0
Haley,54,6030,49,0
Larissa,37,5564,59,1
Ignacia,23,8510,88,0
Serina,63,2601,52,1
Ifeoma,66,7048,45,1
Ava,57,2150,71,0
Keely,73,4562,58,1
Xaviera,84,5280,71,1
Basil,37,4364,67,1
Kirestin,99,4148,39,1
Bert,7,3366,47,0
Whoopi,32,2435,19,0
Linus,71,8251,64,0
Adrian,58,4842,26,1
Nathan,60,3632,58,1
Grady,30,8511,24,1
Keaton,33,4607,59,0
Calvin,50,1222,92,1
Carson,40,9428,86,0
Rogan,39,9939,17,1
Jonas,57,8033,11,1
Harrison,21,9328,1,1
Lionel,65,9203,69,0
Wynter,5,8761,19,1
Deanna,8,7668,63,0
Maia,34,7757,21,1
Armand,80,6712,52,1
Keith,69,3964,55,0
Deborah,99,6022,84,1
Mufutau,62,2725,84,1
Colton,7,3619,42,1
Colt,29,2971,86,0
Jemima,47,2477,31,0
Berk,37,5582,38,1
Uriah,57,4243,84,1
Wylie,33,2256,29,0
Brendan,98,3567,60,0
Yael,71,7937,55,0
Brady,24,1186,75,0
Macy,41,7028,51,1
Josiah,93,9238,59,0
Brittany,38,3227,54,0
Hermione,6,2558,14,0
Jolie,30,2332,81,0
Baker,66,2614,88,0
Dominic,52,5563,69,0
Adam,78,2408,35,0
Yasir,62,3308,4,1
Audrey,64,4992,37,0
Maxwell,15,4735,100,0
Coby,77,5083,2,0
Karina,60,1383,61,0
Kaye,72,2585,30,1
Orlando,30,1673,9,0
Ronan,67,9637,22,0
Carolyn,36,2676,92,1
Lydia,48,3938,7,0
Imani,9,8058,64,0
Clinton,16,6788,91,1
Buckminster,85,9766,71,0
Adena,76,6804,59,1
Neville,68,1850,31,0
Wing,66,3975,58,0
Laith,58,2601,41,0
Mallory,36,7606,1,1
Holmes,33,8516,47,0
Prescott,44,9250,65,0
Kyle,88,4347,87,0
Tamara,38,8502,40,0
Nasim,77,3855,75,0
Harding,68,5155,47,0
Byron,69,5263,70,1
May,62,5457,24,1
Hunter,82,6697,27,0
Nora,97,1876,16,1
Shay,79,6277,46,0
Ruby,32,1724,33,1
Kai,74,9892,8,0
Jesse,56,1112,74,1
Valentine,99,2639,87,1
Dakota,64,1399,37,1
Marsden,87,8085,99,1
Farrah,31,8080,15,0
Iona,15,8226,45,0
Cullen,99,9111,61,1
Melyssa,75,2656,33,0
MacKensie,84,4832,74,0
Preston,46,5928,14,0
Ashely,96,9027,34,1
Boris,25,9497,9,0
Oren,42,7452,47,0
Quail,99,2420,33,0
Vance,32,1838,4,1
Grady,24,6691,79,1
Harper,53,8467,1,0
Felix,92,8849,31,1
Casey,8,2545,53,1
Moses,83,6244,69,0
Acton,66,7046,86,1
Byron,97,4834,82,1
Melyssa,32,9483,23,1
Octavia,51,9401,92,0
Darius,69,9080,11,0
Nita,16,9265,84,1
Mollie,97,5301,79,1
Cassandra,43,6685,89,0
Wallace,70,4958,5,1
Samantha,89,3983,65,0
